7000031,Moon Fae's Soul Pill
1031041,Ghost Grass Serum
6291011,G6 Skill Fruit
6291012,G5 Skill Fruit
6291013,G4 Skill Fruit
6291014,G3 Skill Fruit
6291015,G2 Skill Fruit
6291016,G1 Skill Fruit
1011845,Qi Refining Pill I
1011855,Qi Refining Pill II
1011865,Foundation Pill I
1011875,Foundation Pill II
1011885,Qi Condensation Pill I
1011895,Qi Condensation Pill II
1011905,Golden Core Pill I
1011915,Golden Core Pill II
1011925,Origin Spirit Pill I
1011935,Origin Spirit Pill II
1011945,Nascent Soul Pill I
1011955,Nascent Soul Pill II
1011965,Soul Formation Pill I
1011975,Soul Formation Pill II
1011985,Enlightenment Pill I
1011995,Enlightenment Pill II
1012005,Reborn Pill I
1012015,Reborn Pill II
1012025,Transcendent Pill I
1012035,Transcendent Pill II
1011476,G1 Qi Condensation Elixir
1011556,G1 Spirit Transformation Elixir
1011606,G1 Enlightenment Elixir
1011721,Body Reconstruction Elixir I
1011722,Body Reconstruction Elixir II
1011723,Body Reconstruction Elixir III
1011724,Body Reconstruction Elixir IV
1051072,G5 Fire Fruit
1051073,G4 Fire Fruit
1051074,G3 Fire Fruit
1051075,G2 Fire Fruit
1051076,G1 Fire Fruit
1051082,G5 Water Fruit
1051083,G4 Water Fruit
1051084,G3 Water Fruit
1051085,G2 Water Fruit
1051086,G1 Water Fruit
1051092,G5 Lightning Fruit
1051093,G4 Lightning Fruit
1051094,G3 Lightning Fruit
1051095,G2 Lightning Fruit
1051096,G1 Lightning Fruit
1051102,G5 Wind Fruit
1051103,G4 Wind Fruit
1051104,G3 Wind Fruit
1051105,G2 Wind Fruit
1051106,G1 Wind Fruit
1051112,G5 Earth Fruit
1051113,G4 Earth Fruit
1051114,G3 Earth Fruit
1051115,G2 Earth Fruit
1051116,G1 Earth Fruit
1051122,G5 Wood Fruit
1051123,G4 Wood Fruit
1051124,G3 Wood Fruit
1051125,G2 Wood Fruit
1051126,G1 Wood Fruit
1051132,G5 Blade Fruit
1051133,G4 Blade Fruit
1051134,G3 Blade Fruit
1051135,G2 Blade Fruit
1051136,G1 Blade Fruit
1051142,G5 Spear Fruit
1051143,G4 Spear Fruit
1051144,G3 Spear Fruit
1051145,G2 Spear Fruit
1051146,G1 Spear Fruit
1051152,G5 Sword Fruit
1051153,G4 Sword Fruit
1051154,G3 Sword Fruit
1051155,G2 Sword Fruit
1051156,G1 Sword Fruit
1051162,G5 Fist Fruit
1051163,G4 Fist Fruit
1051164,G3 Fist Fruit
1051165,G2 Fist Fruit
1051166,G1 Fist Fruit
1051172,G5 Palm Fruit
1051173,G4 Palm Fruit
1051174,G3 Palm Fruit
1051175,G2 Palm Fruit
1051176,G1 Palm Fruit
1051182,G5 Finger Fruit
1051183,G4 Finger Fruit
1051184,G3 Finger Fruit
1051185,G2 Finger Fruit
1051186,G1 Finger Fruit
1011011,G6 Vitality Elixir
1011012,G5 Vitality Elixir
1011013,G4 Vitality Elixir
1011014,G3 Vitality Elixir
1011015,G2 Vitality Elixir
1011016,G1 Vitality Elixir
1011035,Fox Spirit's Orb
1011041,G6 Energy Elixir
1011042,G5 Energy Elixir
1011043,G4 Energy Elixir
1011044,G3 Energy Elixir
1011045,G2 Energy Elixir
1011046,G1 Energy Elixir
1011051,G6 Huayu Elixir
1011052,G5 Huayu Elixir
1011053,G4 Huayu Elixir
1011054,G3 Huayu Elixir
1011055,G2 Huayu Elixir
1011056,G1 Huayu Elixir
1011061,G6 Blood Circulation Elixir
1011062,G5 Blood Circulation Elixir
1011063,G4 Blood Circulation Elixir
1011064,G3 Blood Circulation Elixir
1011065,G2 Blood Circulation Elixir
1011066,G1 Blood Circulation Elixir
1011071,G6 Revival Elixir
1011072,G5 Revival Elixir
1011073,G4 Revival Elixir
1011074,G3 Revival Elixir
1011075,G2 Revival Elixir
1011076,G1 Revival Elixir
1011081,G6 Blood Melting Elixir
1011082,G5 Blood Melting Elixir
1011083,G4 Blood Melting Elixir
1011084,G3 Blood Melting Elixir
1011085,G2 Blood Melting Elixir
1011086,G1 Blood Melting Elixir
1011091,G6 Sacred Sun Elixir
1011092,G5 Sacred Sun Elixir
1011093,G4 Sacred Sun Elixir
1011094,G3 Sacred Sun Elixir
1011095,G2 Sacred Sun Elixir
1011096,G1 Sacred Sun Elixir
1011101,G6 Energy Gathering Elixir
1011102,G5 Energy Gathering Elixir
1011103,G4 Energy Gathering Elixir
1011104,G3 Energy Gathering Elixir
1011105,G2 Energy Gathering Elixir
1011106,G1 Energy Gathering Elixir
1011111,G6 Nutrition Elixir
1011112,G5 Nutrition Elixir
1011113,G4 Nutrition Elixir
1011114,G3 Nutrition Elixir
1011115,G2 Nutrition Elixir
1011116,G1 Nutrition Elixir
1011121,G6 Unity Elixir
1011122,G5 Unity Elixir
1011123,G4 Unity Elixir
1011124,G3 Unity Elixir
1011125,G2 Unity Elixir
1011126,G1 Unity Elixir
1011131,G6 Energy Recovery Elixir
1011132,G5 Energy Recovery Elixir
1011133,G4 Energy Recovery Elixir
1011134,G3 Energy Recovery Elixir
1011135,G2 Energy Recovery Elixir
1011136,G1 Energy Recovery Elixir
1011141,G6 Guanglin Elixir
1011142,G5 Guanglin Elixir
1011143,G4 Guanglin Elixir
1011144,G3 Guanglin Elixir
1011145,G2 Guanglin Elixir
1011146,G1 Guanglin Elixir
1011151,G6 Souldrinking Elixir
1011152,G5 Souldrinking Elixir
1011153,G4 Souldrinking Elixir
1011154,G3 Souldrinking Elixir
1011155,G2 Souldrinking Elixir
1011156,G1 Souldrinking Elixir
1011161,G6 Power Charge Elixir
1011162,G5 Power Charge Elixir
1011163,G4 Power Charge Elixir
1011164,G3 Power Charge Elixir
1011165,G2 Power Charge Elixir
1011166,G1 Power Charge Elixir
1011171,G6 Scarlet Sun Elixir
1011172,G5 Scarlet Sun Elixir
1011173,G4 Scarlet Sun Elixir
1011174,G3 Scarlet Sun Elixir
1011175,G2 Scarlet Sun Elixir
1011176,G1 Scarlet Sun Elixir
1011181,G6 Bloodthirsty Elixir
1011182,G5 Bloodthirsty Elixir
1011183,G4 Bloodthirsty Elixir
1011184,G3 Bloodthirsty Elixir
1011185,G2 Bloodthirsty Elixir
1011186,G1 Bloodthirsty Elixir
1011191,G6 Dragon Force Elixir
1011192,G5 Dragon Force Elixir
1011193,G4 Dragon Force Elixir
1011194,G3 Dragon Force Elixir
1011195,G2 Dragon Force Elixir
1011196,G1 Dragon Force Elixir
1011201,G6 Blood Sun Elixir
1011202,G5 Blood Sun Elixir
1011203,G4 Blood Sun Elixir
1011204,G3 Blood Sun Elixir
1011205,G2 Blood Sun Elixir
1011206,G1 Blood Sun Elixir
1011211,G6 Bone Reconstruction Elixir
1011212,G5 Bone Reconstruction Elixir
1011213,G4 Bone Reconstruction Elixir
1011214,G3 Bone Reconstruction Elixir
1011215,G2 Bone Reconstruction Elixir
1011216,G1 Bone Reconstruction Elixir
1011221,G6 Solid Jade Elixir
1011222,G5 Solid Jade Elixir
1011223,G4 Solid Jade Elixir
1011224,G3 Solid Jade Elixir
1011225,G2 Solid Jade Elixir
1011226,G1 Solid Jade Elixir
1011231,G6 Meridian Elixir
1011232,G5 Meridian Elixir
1011233,G4 Meridian Elixir
1011234,G3 Meridian Elixir
1011235,G2 Meridian Elixir
1011236,G1 Meridian Elixir
1011241,G6 Golden Bone Elixir
1011242,G5 Golden Bone Elixir
1011243,G4 Golden Bone Elixir
1011244,G3 Golden Bone Elixir
1011245,G2 Golden Bone Elixir
1011246,G1 Golden Bone Elixir
1011251,G6 Celestial Elixir
1011252,G5 Celestial Elixir
1011253,G4 Celestial Elixir
1011254,G3 Celestial Elixir
1011255,G2 Celestial Elixir
1011256,G1 Celestial Elixir
1011261,G6 Martial Body Elixir
1011262,G5 Martial Body Elixir
1011263,G4 Martial Body Elixir
1011264,G3 Martial Body Elixir
1011265,G2 Martial Body Elixir
1011266,G1 Martial Body Elixir
1011271,G6 Longevity Elixir
1011272,G5 Longevity Elixir
1011273,G4 Longevity Elixir
1011274,G3 Longevity Elixir
1011275,G2 Longevity Elixir
1011276,G1 Longevity Elixir
1011281,G6 Endurance Elixir
1011282,G5 Endurance Elixir
1011283,G4 Endurance Elixir
1011284,G3 Endurance Elixir
1011285,G2 Endurance Elixir
1011286,G1 Endurance Elixir
1011291,G6 Ether Elixir
1011292,G5 Ether Elixir
1011293,G4 Ether Elixir
1011294,G3 Ether Elixir
1011295,G2 Ether Elixir
1011296,G1 Ether Elixir
1011301,G6 Fuling Elixir
1011302,G5 Fuling Elixir
1011303,G4 Fuling Elixir
1011304,G3 Fuling Elixir
1011305,G2 Fuling Elixir
1011306,G1 Fuling Elixir
1011311,G6 Earth Deity Elixir
1011312,G5 Earth Deity Elixir
1011313,G4 Earth Deity Elixir
1011314,G3 Earth Deity Elixir
1011315,G2 Earth Deity Elixir
1011316,G1 Earth Deity Elixir
1011321,G6 Empyrean Longevity Elixir
1011322,G5 Empyrean Longevity Elixir
1011323,G4 Empyrean Longevity Elixir
1011324,G3 Empyrean Longevity Elixir
1011325,G2 Empyrean Longevity Elixir
1011326,G1 Empyrean Longevity Elixir
1011331,G6 Yellow Essence Pill
1011332,G5 Yellow Essence Pill
1011333,G4 Yellow Essence Pill
1011334,G3 Yellow Essence Pill
1011335,G2 Yellow Essence Pill
1011336,G1 Yellow Essence Pill
1011341,G6 Shiquan Dabu Pill
1011342,G5 Shiquan Dabu Pill
1011343,G4 Shiquan Dabu Pill
1011344,G3 Shiquan Dabu Pill
1011345,G2 Shiquan Dabu Pill
1011346,G1 Shiquan Dabu Pill
1011351,G6 Deca Essence Pill
1011352,G5 Deca Essence Pill
1011353,G4 Deca Essence Pill
1011354,G3 Deca Essence Pill
1011355,G2 Deca Essence Pill
1011356,G1 Deca Essence Pill
1011361,G6 Ginseng Pill
1011362,G5 Ginseng Pill
1011363,G4 Ginseng Pill
1011364,G3 Ginseng Pill
1011365,G2 Ginseng Pill
1011366,G1 Ginseng Pill
1011371,G6 Cosmetic Elixir
1011372,G5 Cosmetic Elixir
1011373,G4 Cosmetic Elixir
1011374,G3 Cosmetic Elixir
1011375,G2 Cosmetic Elixir
1011376,G1 Cosmetic Elixir
1011381,G6 Glamor Elixir
1011382,G5 Glamor Elixir
1011383,G4 Glamor Elixir
1011384,G3 Glamor Elixir
1011385,G2 Glamor Elixir
1011386,G1 Glamor Elixir
1011391,G6 Lasting Beauty Elixir
1011392,G5 Lasting Beauty Elixir
1011393,G4 Lasting Beauty Elixir
1011394,G3 Lasting Beauty Elixir
1011395,G2 Lasting Beauty Elixir
1011396,G1 Lasting Beauty Elixir
1011401,G6 Sun Power Elixir
1011402,G5 Sun Power Elixir
1011403,G4 Sun Power Elixir
1011404,G3 Sun Power Elixir
1011405,G2 Sun Power Elixir
1011406,G1 Sun Power Elixir
1011411,G6 Physique Elixir
1011412,G5 Physique Elixir
1011413,G4 Physique Elixir
1011414,G3 Physique Elixir
1011415,G2 Physique Elixir
1011416,G1 Physique Elixir
1011421,G6 Spirit Melting Elixir
1011422,G5 Spirit Melting Elixir
1011423,G4 Spirit Melting Elixir
1011424,G3 Spirit Melting Elixir
1011425,G2 Spirit Melting Elixir
1011426,G1 Spirit Melting Elixir
1011431,G6 Energy Fortifying Elixir
1011432,G5 Energy Fortifying Elixir
1011433,G4 Energy Fortifying Elixir
1011434,G3 Energy Fortifying Elixir
1011435,G2 Energy Fortifying Elixir
1011436,G1 Energy Fortifying Elixir
1011441,G6 Soul Basis Elixir
1011442,G5 Soul Basis Elixir
1011443,G4 Soul Basis Elixir
1011444,G3 Soul Basis Elixir
1011445,G2 Soul Basis Elixir
1011446,G1 Soul Basis Elixir
1011451,G6 Soul Refining Elixir
1011452,G5 Soul Refining Elixir
1011453,G4 Soul Refining Elixir
1011454,G3 Soul Refining Elixir
1011455,G2 Soul Refining Elixir
1011456,G1 Soul Refining Elixir
1011461,G6 Foundation Elixir (Mortal)
1011462,G5 Foundation Elixir (Mortal)
1011463,G4 Foundation Elixir (Mortal)
1011464,G3 Foundation Elixir (Mortal)
1011465,G2 Foundation Elixir (Mortal)
1011466,G1 Foundation Elixir (Mortal)
1011471,G6 Qi Condensation Elixir
1011472,G5 Qi Condensation Elixir
1011473,G4 Qi Condensation Elixir
1011474,G3 Qi Condensation Elixir
1011475,G2 Qi Condensation Elixir
1011481,G6 Foundation Elixir (Heaven)
1011482,G5 Foundation Elixir (Heaven)
1011483,G4 Foundation Elixir (Heaven)
1011484,G3 Foundation Elixir (Heaven)
1011485,G2 Foundation Elixir (Heaven)
1011486,G1 Foundation Elixir (Heaven)
1011491,G6 Foundation Elixir (Earth)
1011492,G5 Foundation Elixir (Earth)
1011493,G4 Foundation Elixir (Earth)
1011494,G3 Foundation Elixir (Earth)
1011495,G2 Foundation Elixir (Earth)
1011496,G1 Foundation Elixir (Earth)
1011501,G6 Thousand River Elixir
1011502,G5 Thousand River Elixir
1011503,G4 Thousand River Elixir
1011504,G3 Thousand River Elixir
1011505,G2 Thousand River Elixir
1011506,G1 Thousand River Elixir
1011511,G6 Soul Gathering Elixir
1011512,G5 Soul Gathering Elixir
1011513,G4 Soul Gathering Elixir
1011514,G3 Soul Gathering Elixir
1011515,G2 Soul Gathering Elixir
1011516,G1 Soul Gathering Elixir
1011521,G6 Subtlety Elixir
1011522,G5 Subtlety Elixir
1011523,G4 Subtlety Elixir
1011524,G3 Subtlety Elixir
1011525,G2 Subtlety Elixir
1011526,G1 Subtlety Elixir
1011531,G6 Cloud Elixir
1011532,G5 Cloud Elixir
1011533,G4 Cloud Elixir
1011534,G3 Cloud Elixir
1011535,G2 Cloud Elixir
1011536,G1 Cloud Elixir
1011541,G6 Three Flower Elixir
1011542,G5 Three Flower Elixir
1011543,G4 Three Flower Elixir
1011544,G3 Three Flower Elixir
1011545,G2 Three Flower Elixir
1011546,G1 Three Flower Elixir
1011551,G6 Spirit Transformation Elixir
1011552,G5 Spirit Transformation Elixir
1011553,G4 Spirit Transformation Elixir
1011554,G3 Spirit Transformation Elixir
1011555,G2 Spirit Transformation Elixir
1011561,六品六窍丹
1011562,五品六窍丹
1011563,四品六窍丹
1011564,三品六窍丹
1011565,二品六窍丹
1011566,一品六窍丹
1011571,六品破茧丹
1011572,五品破茧丹
1011573,四品破茧丹
1011574,三品破茧丹
1011575,二品破茧丹
1011576,一品破茧丹
1011581,G6 Nascent Soul Elixir (Mortal)
1011582,G5 Nascent Soul Elixir (Mortal)
1011583,G4 Nascent Soul Elixir (Mortal)
1011584,G3 Nascent Soul Elixir (Mortal)
1011585,G2 Nascent Soul Elixir (Mortal)
1011586,G1 Nascent Soul Elixir (Mortal)
1011591,G6 Soul Reconstruction Elixir
1011592,G5 Soul Reconstruction Elixir
1011593,G4 Soul Reconstruction Elixir
1011594,G3 Soul Reconstruction Elixir
1011595,G2 Soul Reconstruction Elixir
1011596,G1 Soul Reconstruction Elixir
1011601,G6 Enlightenment Elixir
1011602,G5 Enlightenment Elixir
1011603,G4 Enlightenment Elixir
1011604,G3 Enlightenment Elixir
1011605,G2 Enlightenment Elixir
1011611,G6 Three Realm Enlightenment Elixir
1011612,G5 Three Realm Enlightenment Elixir
1011613,G4 Three Realm Enlightenment Elixir
1011614,G3 Three Realm Enlightenment Elixir
1011615,G2 Three Realm Enlightenment Elixir
1011616,G1 Three Realm Enlightenment Elixir
1011621,G6 Reborn Elixir
1011622,G5 Reborn Elixir
1011623,G4 Reborn Elixir
1011624,G3 Reborn Elixir
1011625,G2 Reborn Elixir
1011626,G1 Reborn Elixir
1011631,G6 Transcendent Elixir (Yellow)
1011632,G5 Transcendent Elixir (Yellow)
1011633,G4 Transcendent Elixir (Yellow)
1011634,G3 Transcendent Elixir (Yellow)
1011635,G2 Transcendent Elixir (Yellow)
1011636,G1 Transcendent Elixir (Yellow)
1011641,G6 Three Path Transcendent Elixir
1011642,G5 Three Path Transcendent Elixir
1011643,G4 Three Path Transcendent Elixir
1011644,G3 Three Path Transcendent Elixir
1011645,G2 Three Path Transcendent Elixir
1011646,G1 Three Path Transcendent Elixir
1011651,G6 Majestic Dragon Elixir
1011652,G5 Majestic Dragon Elixir
1011653,G4 Majestic Dragon Elixir
1011654,G3 Majestic Dragon Elixir
1011655,G2 Majestic Dragon Elixir
1011656,G1 Majestic Dragon Elixir
1011661,G6 Ice Heart Elixir
1011662,G5 Ice Heart Elixir
1011663,G4 Ice Heart Elixir
1011664,G3 Ice Heart Elixir
1011665,G2 Ice Heart Elixir
1011666,G1 Ice Heart Elixir
1011671,G6 Azure Dragon Elixir
1011672,G5 Azure Dragon Elixir
1011673,G4 Azure Dragon Elixir
1011674,G3 Azure Dragon Elixir
1011675,G2 Azure Dragon Elixir
1011676,G1 Azure Dragon Elixir
1011681,G6 Starry Elixir
1011682,G5 Starry Elixir
1011683,G4 Starry Elixir
1011684,G3 Starry Elixir
1011685,G2 Starry Elixir
1011686,G1 Starry Elixir
1011691,G6 Signless Elixir
1011692,G5 Signless Elixir
1011693,G4 Signless Elixir
1011694,G3 Signless Elixir
1011695,G2 Signless Elixir
1011696,G1 Signless Elixir
1011701,G6 Bone Repair Elixir
1011702,G5 Bone Repair Elixir
1011703,G4 Bone Repair Elixir
1011704,G3 Bone Repair Elixir
1011705,G2 Bone Repair Elixir
1011706,G1 Bone Repair Elixir
1011711,G6 Curing Elixir
1011712,G5 Curing Elixir
1011713,G4 Curing Elixir
1011714,G3 Curing Elixir
1011715,G2 Curing Elixir
1011716,G1 Curing Elixir
1011725,Body Reconstruction Elixir V
1011726,Body Reconstruction Elixir VI
1011731,G6 Detox Elixir
1011732,G5 Detox Elixir
1011733,G4 Detox Elixir
1011734,G3 Detox Elixir
1011735,G2 Detox Elixir
1011736,G1 Detox Elixir
1011741,G6 Floral Healing Elixir
1011742,G5 Floral Healing Elixir
1011743,G4 Floral Healing Elixir
1011744,G3 Floral Healing Elixir
1011745,G2 Floral Healing Elixir
1011746,G1 Floral Healing Elixir
1011751,G6 Taixuan Elixir
1011752,G5 Taixuan Elixir
1011753,G4 Taixuan Elixir
1011754,G3 Taixuan Elixir
1011755,G2 Taixuan Elixir
1011756,G1 Taixuan Elixir
1011765,Chaos Elixir
1011775,Harmony Elixir
1011785,Fire Forging Elixir
1011795,Water Forging Elixir
1011805,Lightning Forging Elixir
1011815,Wind Forging Elixir
1011825,Earth Forging Elixir
1011835,Wood Forging Elixir
1021011,G6 Toxic Smoke Elixir
1021012,G5 Toxic Smoke Elixir
1021013,G4 Toxic Smoke Elixir
1021014,G3 Toxic Smoke Elixir
1021015,G2 Toxic Smoke Elixir
1021016,G1 Toxic Smoke Elixir
1031011,G6 Nimbus Elixir
1031012,G5 Nimbus Elixir
1031013,G4 Nimbus Elixir
1031014,G3 Nimbus Elixir
1031015,G2 Nimbus Elixir
1031016,G1 Nimbus Elixir
1031021,G6 Starshift Elixir
1031022,G5 Starshift Elixir
1031023,G4 Starshift Elixir
1031024,G3 Starshift Elixir
1031025,G2 Starshift Elixir
1031026,G1 Starshift Elixir
1031031,G6 Celerity Elixir
1031032,G5 Celerity Elixir
1031033,G4 Celerity Elixir
1031034,G3 Celerity Elixir
1031035,G2 Celerity Elixir
1031036,G1 Celerity Elixir
1041011,Vitality Dew
1041012,Vitality Dew
1041013,Vitality Dew
1041014,Vitality Dew
1041015,Vitality Dew
1041016,Vitality Dew
1041021,Energy Dew
1041022,Energy Dew
1041023,Energy Dew
1041024,Energy Dew
1041025,Energy Dew
1041026,Energy Dew
1041031,Focus Dew
1041032,Focus Dew
1041033,Focus Dew
1041034,Focus Dew
1041035,Focus Dew
1041036,Focus Dew
1041041,Crimsonscale Fruit
1041042,Crimsonscale Fruit
1041043,Crimsonscale Fruit
1041044,Crimsonscale Fruit
1041045,Crimsonscale Fruit
1041046,Crimsonscale Fruit
1041047,Crimsonscale Fruit
1041048,Crimsonscale Fruit
1041049,Crimsonscale Fruit
1041050,Crimsonscale Fruit
1041051,Crimsonscale Fruit
1041052,Crimsonscale Fruit
1041053,Crimsonscale Fruit
1041054,Crimsonscale Fruit
1041055,Crimsonscale Fruit
1041056,Empyrean Lingzhi
1041057,Empyrean Lingzhi
1041058,Empyrean Lingzhi
1041059,Empyrean Lingzhi
1041060,Empyrean Lingzhi
1041061,Empyrean Lingzhi
1041062,Empyrean Lingzhi
1041063,Empyrean Lingzhi
1041064,Empyrean Lingzhi
1041065,Empyrean Lingzhi
1041066,Empyrean Lingzhi
1041067,Empyrean Lingzhi
1041068,Empyrean Lingzhi
1041069,Empyrean Lingzhi
1041070,Empyrean Lingzhi
1041071,Coiled Peach
1041072,Coiled Peach
1041073,Coiled Peach
1041074,Coiled Peach
1041075,Coiled Peach
1041076,Coiled Peach
1041077,Coiled Peach
1041078,Coiled Peach
1041079,Coiled Peach
1041080,Coiled Peach
1041081,Coiled Peach
1041082,Coiled Peach
1041083,Coiled Peach
1041084,Coiled Peach
1041085,Coiled Peach
1041086,Red Cloud Flower
1041087,Red Cloud Flower
1041088,Red Cloud Flower
1041089,Red Cloud Flower
1041090,Red Cloud Flower
1041091,Red Cloud Flower
1041092,Red Cloud Flower
1041093,Red Cloud Flower
1041094,Red Cloud Flower
1041095,Red Cloud Flower
1041096,Red Cloud Flower
1041097,Red Cloud Flower
1041098,Red Cloud Flower
1041099,Red Cloud Flower
1041100,Red Cloud Flower
1041101,Rejuvenation Dew
1041102,Rejuvenation Dew
1041103,Rejuvenation Dew
1041104,Rejuvenation Dew
1041105,Rejuvenation Dew
1041106,Rejuvenation Dew
1041107,Rejuvenation Dew
1041108,Rejuvenation Dew
1041109,Rejuvenation Dew
1041110,Rejuvenation Dew
1041111,Rejuvenation Dew
1041112,Rejuvenation Dew
1041113,Rejuvenation Dew
1041114,Rejuvenation Dew
1041115,Rejuvenation Dew
1041116,Dragon Blood Vine
1041117,Dragon Blood Vine
1041118,Dragon Blood Vine
1041119,Dragon Blood Vine
1041120,Dragon Blood Vine
1041121,Dragon Blood Vine
1041122,Dragon Blood Vine
1041123,Dragon Blood Vine
1041124,Dragon Blood Vine
1041125,Dragon Blood Vine
1041126,Dragon Blood Vine
1041127,Dragon Blood Vine
1041128,Dragon Blood Vine
1041129,Dragon Blood Vine
1041130,Dragon Blood Vine
1041131,Tropical Sundew
1041132,Tropical Sundew
1041133,Tropical Sundew
1041134,Tropical Sundew
1041135,Tropical Sundew
1041136,Tropical Sundew
1041137,Tropical Sundew
1041138,Tropical Sundew
1041139,Tropical Sundew
1041140,Tropical Sundew
1041141,Tropical Sundew
1041142,Tropical Sundew
1041143,Tropical Sundew
1041144,Tropical Sundew
1041145,Tropical Sundew
1041146,Moonlight Grass
1041147,Moonlight Grass
1041148,Moonlight Grass
1041149,Moonlight Grass
1041150,Moonlight Grass
1041151,Moonlight Grass
1041152,Moonlight Grass
1041153,Moonlight Grass
1041154,Moonlight Grass
1041155,Moonlight Grass
1041156,Moonlight Grass
1041157,Moonlight Grass
1041158,Moonlight Grass
1041159,Moonlight Grass
1041160,Moonlight Grass
1051016,Fire Fruit
1051026,Water Fruit
1051036,Lightning Fruit
1051046,Wind Fruit
1051056,Earth Fruit
1051066,Wood Fruit
//Books,name_//Books
2011012,Windseek (1)
2011013,Windseek (2)
2011014,Windseek (3)
2011015,Windseek (4)
2011016,Windseek (5)
2011022,Flying Star (1)
2011023,Flying Star (2)
2011024,Flying Star (3)
2011025,Flying Star (4)
2011026,Flying Star (5)
2011032,Gentle Wind (1)
2011033,Gentle Wind (2)
2011034,Gentle Wind (3)
2011035,Gentle Wind (4)
2011036,Gentle Wind (5)
2011042,Rocksunder (1)
2011043,Rocksunder (2)
2011044,Rocksunder (3)
2011045,Rocksunder (4)
2011046,Rocksunder (5)
2011052,Yin Yang Duality (1)
2011053,Yin Yang Duality (2)
2011054,Yin Yang Duality (3)
2011055,Yin Yang Duality (4)
2011056,Yin Yang Duality (5)
2011062,Planetary Alignment (1)
2011063,Planetary Alignment (2)
2011064,Planetary Alignment (3)
2011065,Planetary Alignment (4)
2011066,Planetary Alignment (5)
2011072,Ghost Deed (1)
2011073,Ghost Deed (2)
2011074,Ghost Deed (3)
2011075,Ghost Deed (4)
2011076,Ghost Deed (5)
1051196,Alchemy Textbook (1)
1051206,Alchemy Textbook (2)
1051216,Alchemy Textbook (3)
1051226,Alchemy Textbook (4)
1051236,Alchemy Textbook (5)
1051246,Feng Shui Textbook (1)
1051256,Feng Shui Textbook (2)
1051266,Feng Shui Textbook (3)
1051276,Feng Shui Textbook (4)
1051286,Feng Shui Textbook (5)
1051296,Herb Textbook (1)
1051306,Herb Textbook (2)
1051316,Herb Textbook (3)
1051326,Herb Textbook (4)
1051336,Herb Textbook (5)
1051346,G5 Mining Instructions
1051356,G4 Mining Instructions
1051366,G3 Mining Instructions
1051376,G2 Mining Instructions
1051386,G1 Mining Instructions
6161392,Forge Textbook (1)
6161393,Forge Textbook (2)
6161394,Forge Textbook (3)
6161395,Forge Textbook (4)
6161396,Forge Textbook (5)
2021012,Osmanthus Prescription
2021022,Chi-Ji Grass Prescription
2021032,Turmeric Prescription
2021042,Yam Prescription
2021052,Silk Grass Prescription
2021062,Arcane Dew Prescription
2021072,Emerald Vine Prescription
2021082,Thistle Stalk Prescription
2021092,Taixuan Matsutake Prescription
2021102,Long Ginseng Prescription
2021103,Thousand Leaf Dew Prescription
2021113,Mountain Ginseng Prescription
2021123,Nether Grass Prescription
2021133,Melody Ginseng Prescription
2021143,Sky Grass Prescription
2021153,Corydalis Prescription
2021163,Earth Fuling Prescription
2021173,Fishtail Grass Prescription
2021183,Ramie Prescription
2021193,Crimson Thorn Prescription
2021203,Icy Dragon Flower Prescription
2021212,Blazing Blood Flower Prescription
2021224,Tianshan Snow Lotus Prescription
2021234,Crimson Cornflower Prescription
2021244,Honeysuckle Prescription
2021254,Desert Broomrape Prescription
2021264,Asiatic Tearthumb Prescription
2021274,Sun and Moon Root Prescription
2021284,Carmine Flower Prescription
2021294,Sigesbeckia Prescription
2021304,Dew Grass Prescription
2021314,Cyathula Prescription
2021324,Bloodradish Blossom Prescription
2021334,Solid Balsam Prescription
2021344,Crimson Rose Prescription
2021354,Spirit Gathering Lotus Prescription
2021355,Flame Grass Core Prescription
2021365,Aether Fern Prescription
2021375,Blood Sun Lingzhi Prescription
2021385,Avian Berry Prescription
2021395,Blood Musk Mallow Prescription
2021405,Traceless Wind Flower Prescription
2021415,Aquatic Sage Prescription
2021425,Blazing Sun Berry Prescription
2021435,Thundercall Flower Prescription
2021445,Holy Sun Root Prescription
2021455,Millennium Yam Prescription
2021465,Beauty Fruit Prescription
2021475,Warm Jade Grass Prescription
2021485,Fire Spirit Lingzhi Prescription
2021495,Holy Spring Stalactite Prescription
2021505,Begonia Grass Prescription
2021506,Soul Basis Vine Prescription
2021516,Dwarf Lilyturf Prescription
2021526,Red Spider Lily Prescription
2021536,Lightning Amethyst Prescription
2021546,Rough Potato Prescription
2021556,Rosa Laevigata Prescription
2021566,Wind Spirit Flower Prescription
2021576,Lightning Struck Wood Prescription
2021586,Yin Yang Flower Prescription
2021596,Chalcedony Dust Prescription
2021606,Sky Ray Schefflera Prescription
2021616,Illuminating Cocklebur Prescription
2021626,Night of the Setting Sun Prescription
2021636,Sacrificial Leaf Prescription
2021646,Crystal Leaf of the Origin Prescription
2021656,Fiery Lightning Vine Prescription
2021666,Spirit Gathering Shell Prescription
2021676,Benevolence Leaf Prescription
2021686,Fortune's Spindle Prescription
2021696,Thunderstorm Wutong Seed Prescription
6051011,Huayu Elixir Recipe
6051021,Blood Circulation Elixir Recipe
6051031,Revival Elixir Recipe
6051041,Blood Melting Elixir Recipe
6051051,Sacred Sun Elixir Recipe
6051061,Energy Gathering Elixir Recipe
6051071,Nutrition Elixir Recipe
6051081,Unity Elixir Recipe
6051091,Energy Recovery Elixir Recipe
6051101,Guanglin Elixir Recipe
6051111,Souldrinking Elixir Recipe
6051121,Power Charge Elixir Recipe
6051131,Scarlet Sun Elixir Recipe
6051141,Bloodthirsty Elixir Recipe
6051151,Dragon Force Elixir Recipe
6051161,Blood Sun Elixir Recipe
6051171,Bone Reconstruction Elixir Recipe
6051181,Solid Jade Elixir Recipe
6051191,Meridian Elixir Recipe
6051201,Golden Bone Elixir Recipe
6051211,Celestial Elixir Recipe
6051221,Martial Body Elixir Recipe
6051231,Longevity Elixir Recipe
6051241,Endurance Elixir Recipe
6051251,Ether Elixir Recipe
6051261,Fuling Elixir Recipe
6051271,Earth Deity Elixir Recipe
6051281,Empyrean Longevity Elixir Recipe
6051291,Yellow Essence Pill Recipe
6051301,Shiquan Dabu Pill Recipe
6051311,Deca Essence Pill Recipe
6051321,Ginseng Pill Recipe
6051331,Cosmetic Elixir Recipe
6051341,Glamor Elixir Recipe
6051351,Lasting Beauty Elixir Recipe
6051361,Sun Power Elixir Recipe
6051371,Physique Elixir Recipe
6051381,Spirit Melting Elixir Recipe
6051391,Energy Fortifying Elixir Recipe
6051401,Soul Basis Elixir Recipe
6051411,Soul Refining Elixir Recipe
6051421,Foundation Elixir (Mortal) Recipe
6051431,Qi Condensation Elixir Recipe
6051441,Foundation Elixir (Heaven) Recipe
6051451,Foundation Elixir (Earth) Recipe
6051461,Thousand River Elixir Recipe
6051471,Soul Gathering Elixir Recipe
6051481,Subtlety Elixir Recipe
6051491,Cloud Elixir Recipe
6051501,Three Flower Elixir Recipe
6051511,Spirit Transformation Elixir Recipe
6051521,六窍丹丹方
6051531,破茧丹丹方
6051541,Nascent Soul Elixir (Mortal) Recipe
6051551,Soul Reconstruction Elixir Recipe
6051561,Enlightenment Elixir Recipe
6051571,Three Realm Enlightenment Elixir Recipe
6051581,Reborn Elixir Recipe
6051591,Transcendent Elixir (Yellow) Recipe
6051601,Three Path Transcendent Elixir Recipe
6051611,Majestic Dragon Elixir Recipe
6051621,Ice Heart Elixir Recipe
6051631,Azure Dragon Elixir Recipe
6051641,Starry Elixir Recipe
6051651,Signless Elixir Recipe
6051661,Bone Repair Elixir Recipe
6051671,Curing Elixir Recipe
6051681,Body Reconstruction Elixir I Recipe
6051682,Body Reconstruction Elixir II Recipe
6051683,Body Reconstruction Elixir III Recipe
6051684,Body Reconstruction Elixir IV Recipe
6051691,Detox Elixir Recipe
6051701,Floral Healing Elixir Recipe
6051711,Taixuan Elixir Recipe
6171102,East Sea Coral Identification
6171103,Earth Core Stone Identification
6171104,Netherworld Stone Identification
6171105,Deep Divinity Stone Identification
6171202,Green Rosetta Identification
6171203,Blue Crow Jade Identification
6171204,Purplestone Identification
6171205,Broke Harmony Talisman Identification
6171302,Feather Vine Essence Identification
6171303,Thunderstone Essence Identification
6171304,Deathrow Essence Identification
6171305,Ethereal Blood Essence Identification
6171402,G5 Tempering Resin Identification
6171403,G4 Tempering Resin Identification
6171404,G3 Tempering Resin Identification
6171405,G2 Tempering Resin Identification
6181110,Horn of Desolation Forge Chart
6181210,Lightning Smasher Forge Chart
6181310,Cerulean Bell Forge Chart
6181410,Blood Imp Forge Chart
6181510,Solar Banner Forge Chart
6181610,Pool of Pearls Forge Chart
6181710,Shadowgorged Cloak Forge Chart
6181810,Imperial Sword Forge Chart
//Equipments,name_//Equipments
3011011,Sinking Stone Ring
3011021,Hardened Stone Ring
3011031,Rocksunder Ring
3011041,Rockshatter Ring
3011051,Spiritual Magpie Ring
3011061,Warm Soul Ring
3011071,Fireborne Ring
3011081,Flare Ring
3011091,Jadesoul Ring
3011101,Stardust Ring
3011111,Blessed Sinking Stone Ring
3011121,Blessed Hardened Stone Ring
3011131,Blessed Rocksunder Ring
3011141,Blessed Rockshatter Ring
3011151,Blessed Spiritual Magpie Ring
3011161,Blessed Warm Soul Ring
3011171,Blessed Fireborne Ring
3011181,Blessed Flare Ring
3011191,Blessed Jadesoul Ring
3011201,Blessed Stardust Ring
3011341,Fire Eye Ring
3011361,Iridescence Ring
3011381,Star Catcher Ring
3011441,Ascetic Fire Eye Ring
3011461,Ascetic Iridescence Ring
3011481,Ascetic Star Catcher Ring
3021011,Zouyu
7000005,Ghost Zouyu
7000006,Ghost Zouyu
7000007,Ghost Zouyu
7000008,Ghost Zouyu
7000009,Ghost Zouyu
7000010,Ghost Zouyu
7000011,Ghost Zouyu
7000012,Ghost Zouyu
7000013,Ghost Zouyu
7000014,Ghost Zouyu
3021021,Tenghuang
3021031,Longyu
3021041,Flying Sword
3021051,Flying Sword
3021061,Flying Sword
3021071,Flying Sword
3021081,Flying Sword
3021091,Flying Sword
3021101,Jiliang
3021111,Dangkang
3021121,Quanshu
3021131,Emerald Gourd
3021141,Xuangui
3021151,Auspicious Cloud
3021161,Flying Canoe
3021176,Dragon Carp
3021186,Ethereal Cloud
3021196,Cosmic Egg
3021206,Sandalwood Boat
3021216,Rainbow Cloud
3031101,Horn of Desolation
3031102,Lightning Smasher
3031103,Cerulean Bell
3031104,Bloodwoven Mask
3031105,Solar Banner
3031106,Pool of Pearls
3031107,Shadowgorged Cloak
3031108,Imperial Sword
3041001,Outfit
3041002,Outfit
3041003,Outfit
3041004,Outfit
3041005,Outfit
3041006,Outfit
3041007,Outfit
3041008,Outfit
3041009,Outfit
3041010,Outfit
3041011,Outfit
3041012,Outfit
3041013,Outfit
3041014,Outfit
3041015,Outfit
3041016,Outfit
3041017,Outfit
3041018,Outfit
3041019,Outfit
3041020,Outfit
3041021,Outfit
3041022,Outfit
3041023,Outfit
3041024,Outfit
3041025,Outfit
3041026,Outfit
3041027,Outfit
3041028,Outfit
3041029,Outfit
3041030,Outfit
3041031,Outfit
3041032,Outfit
3041033,Outfit
3041034,Outfit
3041035,Outfit
3041036,Outfit
3041037,Outfit
3041038,Outfit
3041039,Outfit
3041040,Outfit
3041041,Outfit
3041042,Outfit
3041043,Outfit
3041044,Outfit
3041045,Outfit
3041046,Outfit
3041047,Outfit
3041048,Outfit
3041049,Outfit
3041050,Outfit
3041051,Outfit
3041052,Outfit
3041053,Outfit
3041054,Outfit
3041055,Outfit
3041056,Outfit
3041057,Outfit
3041058,Outfit
3041059,Outfit
3041060,Outfit
3041061,Outfit
3041062,Outfit
3041063,Outfit
3041064,Outfit
3041065,Outfit
3041066,Outfit
3041067,Outfit
3041068,Outfit
3041069,Outfit
3041070,Outfit
3041071,Outfit
3041072,Outfit
3041073,Outfit
3041074,Outfit
3041075,Outfit
3041076,Outfit
3041077,Outfit
3041078,Outfit
3041079,Outfit
3041080,Outfit
3041081,Outfit
3041082,Outfit
3041083,Outfit
3041084,Outfit
3041085,Outfit
3041086,Outfit
3041087,Outfit
3041088,Outfit
3041089,Outfit
3041090,Outfit
3041091,Outfit
3041092,Outfit
3041093,Outfit
3041094,Outfit
3041095,Outfit
3041096,Outfit
3041097,Outfit
3041098,Outfit
3041099,Outfit
3041100,Outfit
3041101,Outfit
3041102,Outfit
3041103,Outfit
3041104,Outfit
3041105,Outfit
3041106,Outfit
3041107,Outfit
3041108,Outfit
3041109,Outfit
3041110,Outfit
3041111,Outfit
3042001,Outfit
3042002,Outfit
3042003,Outfit
3042004,Outfit
3042005,Outfit
3042006,Outfit
3042007,Outfit
3042008,Outfit
3042009,Outfit
3042010,Outfit
3042011,Outfit
3042012,Outfit
3042013,Outfit
3042014,Outfit
3042015,Outfit
3042016,Outfit
3042017,Outfit
3042018,Outfit
3042019,Outfit
3042020,Outfit
3042021,Outfit
3042022,Outfit
3042023,Outfit
3042024,Outfit
3042025,Outfit
3042026,Outfit
3042027,Outfit
3042028,Outfit
3042029,Outfit
3042030,Outfit
3042031,Outfit
3042032,Outfit
3042033,Outfit
3042034,Outfit
3042035,Outfit
3042036,Outfit
3042037,Outfit
3042038,Outfit
3042039,Outfit
3042040,Outfit
3042041,Outfit
3042042,Outfit
3042043,Outfit
3042044,Outfit
3042045,Outfit
3042046,Outfit
3042047,Outfit
3042048,Outfit
3042049,Outfit
3042050,Outfit
3042051,Outfit
3042052,Outfit
3042053,Outfit
3042054,Outfit
3042055,Outfit
3042056,Outfit
3042057,Outfit
3042058,Outfit
3042059,Outfit
3042060,Outfit
3042061,Outfit
3042062,Outfit
3042063,Outfit
3042064,Outfit
3042065,Outfit
3042066,Outfit
3042067,Outfit
3042068,Outfit
3042069,Outfit
3042070,Outfit
3042071,Outfit
3042072,Outfit
3042073,Outfit
3042074,Outfit
3042075,Outfit
3042076,Outfit
3042077,Outfit
3042078,Outfit
3042079,Outfit
3042080,Outfit
3042081,Outfit
3042082,Outfit
3042083,Outfit
3042084,Outfit
3042085,Outfit
3042086,Outfit
3042087,Outfit
3042088,Outfit
3042089,Outfit
3042090,Outfit
3042091,Outfit
3042092,Outfit
3042093,Outfit
3042094,Outfit
3042095,Outfit
3042096,Outfit
3042097,Outfit
3042098,Outfit
3042099,Outfit
3042100,Outfit
3042101,Outfit
3042102,Outfit
3042103,Outfit
3042104,Outfit
3042105,Outfit
3042106,Outfit
3042107,Outfit
3042108,Outfit
3042109,Outfit
3042110,Outfit
3042111,Outfit
//Materials,name_//Materials
5021413,G3 Soul Stone
5021414,G2 Soul Stone
5021415,G1 Soul Stone
5021423,G3 Soul Crystal
5021424,G2 Soul Crystal
5021425,G1 Soul Crystal
5021433,G3 Soul Jade
5021434,G2 Soul Jade
5021435,G1 Soul Jade
5021443,G3 Soul Breath
5021444,G2 Soul Breath
5021445,G1 Soul Breath
5021453,G3 Sacred Soul Breath
5021454,G2 Sacred Soul Breath
5021455,G1 Sacred Soul Breath
5021462,G5 Comprehension Sand
5021463,G4 Comprehension Sand
5021464,G3 Comprehension Sand
5021465,G2 Comprehension Sand
5021466,G1 Comprehension Sand
5021472,G5 Comprehension Glass
5021473,G4 Comprehension Glass
5021474,G3 Comprehension Glass
5021475,G2 Comprehension Glass
5021476,G1 Comprehension Glass
5021734,G4 Soul Refining Jade
5021744,G3 Soul Refining Jade
5021754,G2 Soul Refining Jade
5021764,G1 Soul Refining Jade
5031724,Fire Qi
5031725,Fire Qi
5031726,Fire Qi
5031734,Water Qi
5031735,Water Qi
5031736,Water Qi
5031744,Lightning Qi
5031745,Lightning Qi
5031746,Lightning Qi
5031754,Wind Qi
5031755,Wind Qi
5031756,Wind Qi
5031764,Earth Qi
5031765,Earth Qi
5031766,Earth Qi
5031774,Wood Qi
5031775,Wood Qi
5031776,Wood Qi
5031784,Fire Qi Orb
5031785,Fire Qi Orb
5031786,Fire Qi Orb
5031794,Water Qi Orb
5031795,Water Qi Orb
5031796,Water Qi Orb
5031804,Lightning Qi Orb
5031805,Lightning Qi Orb
5031806,Lightning Qi Orb
5031814,Wind Qi Orb
5031815,Wind Qi Orb
5031816,Wind Qi Orb
5031824,Earth Qi Orb
5031825,Earth Qi Orb
5031826,Earth Qi Orb
5031834,Wood Qi Orb
5031835,Wood Qi Orb
5031836,Wood Qi Orb
5031964,Heaven Aura
5031965,Heaven Aura
5031966,Heaven Aura
5031974,Earth Aura
5031975,Earth Aura
5031976,Earth Aura
5081015,Sandbury Bone
5081025,Duskflower Dew
5081035,Millennium Stalactite
5081045,Scarlet Fruit
5081055,Jade Dragon Frost
5081065,Fire Jade
5081075,Duskflower
5081085,Thorny Fragrance
5081095,Ghost Weep
5081105,Nether Slab
5081115,Stardust
5081125,Tian Yuan Fuling
5081135,Phoenix Fruit
5081145,Green Fissure
5081155,Nine-Colored Orchid
5081165,Icy Begonia
5081175,Mindsnapper
5081185,Crimson Vine
5081195,East Sea Pearl
5081205,Cosmos Essence
5081215,Earth Core Liquid
5081225,Spirit Child Fruit
5081235,True Flame
5081245,Dragon Vein Crystal
5081255,Azure Bone
5081265,Monster Blood Stone
5081275,Earthfire Stone
5081285,Insight Bead
5081295,Chaos Stone
5081305,Mutton Fat Jade
5081315,Underworld Water
5081325,Yin Water
5081335,Ruby Coral
5081345,Water of Purification
5081355,Sun Flame
5081365,Omnipresence
5081375,Nether Water
5081385,Macabre
5081395,Cosmos Leaf
5081405,Necrotic Poison
5081415,Heavenly Silk
5081425,Six-winged Golden Cicada
5081435,Requiem Flower
5081445,Five-Colored Stone
5081455,Immortal Lingzhi
5081465,Xuanwu Armor
5081475,Sun and Moon Gourd
5081485,Sacred Peach Drip
5081495,Fortune Sand
5081505,Karma Lotus
5081515,Azure Peach
5081525,Yellow Bead Plum
5081535,Tiangui Branch
5081545,Plumed Cockscomb
5081555,Darkwind Grass
5081565,Tian Yuan Lotus
5081575,Immortal Cap
5081585,Blush Grass
5081595,Tushita Lingzhi
5081605,Duckweed
5081615,Spirit Metal
5081625,Beauty Sage
5081635,Mirage Pearl
5081645,Radiant Core
5081655,Ebony Flame
5081665,Grass of Ice and Fire
5081675,Mystic Blue Anemone
5081685,Wuxing Wheel
5081695,Emerald Leaf
5081705,Nepenthe
5081715,Magnet of Origin
5081725,Sacred Gold
5081735,Oneness Water
5081745,Cerulean Ore
5081755,Purple Bamboo
5081765,Phoenix Feather
5081775,Dragon Blood Grass
5081785,Starry Sky
5081795,Astronomy Wood
5081805,Burning Sand
5081815,Blinding Crystal
5081825,Luminous Leaf
5081835,Immortal's Tear
5081845,Phoenix's Weep
5081855,Glacial Crystal
5081865,Sand of Time
5081875,Celestial Firefly
5081885,Jade Leaf
5081895,Heaven's Thirst
5081905,Earth's Fall
5081915,Fel Fire
5081925,Soul Sapphire
5081996,Breath of Soul Formation
5082005,Breath of Soul Formation Shard
5082016,Jiaolong's Divine Soul
5082026,Gouchen's Divine Soul
5082036,Xuangui's Divine Soul
5082046,Luwu's Divine Soul
5082056,Chongming's Divine Soul
5072075,Tao Ruby
5072085,Tao Emerald
5072095,Tao Obsidian
5072105,Tao Amber
5072115,Tao Pearl
5072125,Tao Amethyst
5082066,Tao Soul
5111101,Finger Putty
5111201,Hermit Grass
5111301,Azure Jade
5111302,Opal Jade
5121111,Rallying Horn
5121121,Horn of Lightning
5121131,Wailing Chime
5121141,Dusty Visage
5121151,Cloudfire Tail
5121161,Teardrop Jade
5121171,Windcheater Robe
5121181,Devourer's Seal
5121191,Star Pyrite
5131101,G5 Tempering Resin
5131102,G4 Tempering Resin
5131103,G3 Tempering Resin
5131104,G2 Tempering Resin
5181101,G5 Forge Quartz
5181201,G4 Forge Quartz
5181301,G3 Forge Quartz
5181401,G2 Forge Quartz
5201101,Earthly Materials
5211101,Heavenly Materials
5221101,Magic Yang Fire
5221102,Silver Leaf Fire
5221103,Burning Moon Fire
5221104,Green Poison Fire
5221105,Soul Purging Fire
5231001,Misty Mulberry
5231002,Ghostly Sandalwood
5231003,Lofty Cypress
5231101,Holy Spring Pine
5231102,Bone-chilling Laurel
5231103,Misty Iron Mulberry
5231104,Haunted Sandalwood
5231105,Gnarled Lofty Cypress
5241101,Burnished Cloud Copper
5241102,Lightning Iron
5241103,Cryptic Mage Silver
5241104,Dragonglass Gold
5241105,Heavenly Meteorite
5251001,Demonic Bloodstone
5251101,Golden Crow Bone
5251102,Ice Serpent Bone
5251103,Dried Silk Husk
5251104,Scarlet Whale Bone
5251105,Angel of Dawn Bone
5261101,Mountain Bluestone
5261102,East Sea Coral
5261103,Earth Core Stone
5261104,Netherworld Stone
5261105,Deep Divinity Stone
5271101,Phoenix Jade
5271102,Green Rosetta
5271103,Blue Crow Jade
5271104,Purplestone
5271105,Broken Harmony Talisman
5281101,Blackspring Fire Essence
5281102,Feather Vine Essence
5281103,Thunderstone Essence
5281104,Deathrow Essence
5281105,Ethereal Blood Essence
5291101,Soul Devouring Stone
5301101,Iridescent Gem
5301102,Nebulous Timber
5301103,Dawnfire Husk
5301104,Lightning Iron
5301105,Blood Flower Liquor
5301106,Cassia Honeycomb
5301107,A Wisp of Soul
5311101,Star Sky Dew
5311201,Cloud Shadow Dew
5311301,Moon Essence Dew
5311401,Sun Spirit Dew
5321101,Cloud Stone Orb
5321201,Star Beam Orb
5321301,Moon Quake Orb
5321401,Sun Secret Orb
5331101,G5 Sandalwood Scent
5331201,G4 Sandalwood Scent
5331301,G3 Sandalwood Scent
5331401,G2 Sandalwood Scent
5341101,name_5341101
5341201,Silicon
5341301,Levitrium
5341401,Cathodion
5341501,Thermite
5341601,Crystallinium
5341701,Lusterian
5341801,Nebulon
5341901,Hemofolium
5342001,Phoenicium
5011011,G6 Ore
5011012,G5 Ore
5011013,G4 Ore
5011014,G3 Ore
5011015,G2 Ore
5011016,G1 Ore
5011021,Iron Ore 1
5011022,Iron Ore 2
5011023,Iron Ore 3
5011024,Iron Ore 4
5011025,Iron Ore 5
5021012,Spiritual Bamboo Leaf
5021013,Spiritual Bamboo Root
5021022,Serpent Gall
5021032,Venom Sac
5021045,Primeval Vine
5021053,Primeval Bark
5021062,Bloody Jade
5021072,Bloody Bone
5021085,Xingtian's Shield
5021095,Xingtian's Axe
5021104,Xingtian's Blood
5021114,Monster Orb
5021124,Bear Pelt
5021134,Fine Iron
5021144,Wind Dew
5021154,Howling Bamboo
5021164,Wind Essence Bamboo
5021174,Wind Silk
5021184,Exorcism Charm
5021194,Witherbark Arrow
5021204,Torn Cloth
5021214,Worn Hammer
5021224,Spiritual Staff
5021234,Shattered Blade
5021244,Hardened Breast Bone
5021254,Broken Blade
5021264,Monster Pillet
5021274,Sacred Grass
5021284,Beast Claw
5021294,Hardened Wood
5021304,Sharp Fang
5021314,Worn Dark Iron
5021324,Blood Jade
5021334,Jade Bracelet
5021344,Vixen Jade
5021354,Lightning Scale
5021364,Cloud Sever Claw
5021374,Deformed Bone
5021384,Sky Ripper
5021394,Gold Dust
5021404,Breath of Chaos
5021486,Bambuki's Shattered Blade
5021496,Ageless Vine
5021506,Fel Ironpatch
5021516,Venom Blood
5021526,Fiery Soul Powder
5021534,Beast Bone
5021544,Venom Claw
5021554,Cracked Blade
5021564,Thundercall Grass
5021574,Brilliant Gem
5021584,Purple Lightning Fur
5021594,Stone Essence
5021604,River Staff
5021614,Molten Core
5021624,Tidal Claw
5021634,Soul Leaf
5021644,Stonecore
5021654,Fel Horn
5021664,Fine Bear Pelt
5021674,Blessed Wind Essence Bamboo
5021684,Blessed Purple Lightning Fur
5021694,Blessed Gold Dust
5021704,Blessed Brilliant Gem
5021714,Blessed Breath of Chaos
5021726,Strange Mushroom
5031011,G6 Herb
5031012,G5 Herb
5031013,G4 Herb
5031014,G3 Herb
5031015,G2 Herb
5031016,G1 Herb
5031025,Vixen Sage
5031031,G6 Herb Mix
5031032,G5 Herb Mix
5031033,G4 Herb Mix
5031034,G3 Herb Mix
5031035,G2 Herb Mix
5031036,G1 Herb Mix
5031041,Osmanthus
5031051,Chi-Ji Grass
5031061,Turmeric
5031071,Yam
5031081,Silk Grass
5031091,Arcane Dew
5031101,Emerald Vine
5031102,Thistle Stalk
5031112,Taixuan Matsutake
5031122,Long Ginseng
5031132,Thousand Leaf Dew
5031142,Mountain Ginseng
5031152,Nether Grass
5031162,Melody Ginseng
5031163,Sky Grass
5031173,Corydalis
5031183,Earth Fuling
5031193,Fishtail Grass
5031203,Ramie
5031213,Crimson Thorn
5031223,Icy Dragon Flower
5031233,Blazing Blood Flower
5031234,Tianshan Snow Lotus
5031244,Crimson Cornflower
5031254,Honeysuckle
5031264,Desert Broomrape
5031274,Asiatic Tearthumb
5031284,Sun and Moon Root
5031294,Carmine Flower
5031304,Sigesbeckia
5031314,Dew Grass
5031324,Cyathula
5031325,Bloodradish Blossom
5031335,Solid Balsam
5031345,Crimson Rose
5031355,Spirit Gathering Lotus
5031365,Flame Grass Core
5031375,Aether Fern
5031385,Blood Sun Lingzhi
5031395,Avian Berry
5031405,Blood Musk Mallow
5031415,Traceless Wind Flower
5031425,Aquatic Sage
5031435,Blazing Sun Berry
5031445,Thundercall Flower
5031446,Holy Sun Root
5031456,Millennium Yam
5031466,Beauty Fruit
5031476,Warm Jade Grass
5031486,Fire Spirit Lingzhi
5031496,Holy Spring Stalactite
5031506,Begonia Grass
5031516,Soul Basis Vine
5031526,Dwarf Lilyturf
5031536,Red Spider Lily
5031546,Lightning Amethyst
5031556,Rough Potato
5031566,Rosa Laevigata
5031576,Wind Spirit Flower
5031586,Lightning Struck Wood
5031596,Yin Yang Flower
5031606,Chalcedony Dust
5031616,Sky Ray Schefflera
5031626,Illuminating Cocklebur
5031636,Night of the Setting Sun
5031646,Sacrificial Leaf
5031656,Crystal Leaf of the Origin
5031666,Fiery Lightning Vine
5031676,Spirit Gathering Shell
5031686,Benevolence Leaf
5031696,Fortune's Spindle
5031706,Thunderstorm Wutong Seed
5031716,Jade Lotus
5031844,Condensed Fire Qi
5031845,Condensed Fire Qi
5031846,Condensed Fire Qi
5031854,Condensed Water Qi
5031855,Condensed Water Qi
5031856,Condensed Water Qi
5031864,Condensed Lightning Qi
5031865,Condensed Lightning Qi
5031866,Condensed Lightning Qi
5031874,Condensed Wind Qi
5031875,Condensed Wind Qi
5031876,Condensed Wind Qi
5031884,Condensed Earth Qi
5031885,Condensed Earth Qi
5031886,Condensed Earth Qi
5031894,Condensed Wood Qi
5031895,Condensed Wood Qi
5031896,Condensed Wood Qi
5031904,Condensed Fire Qi Orb
5031905,Condensed Fire Qi Orb
5031906,Condensed Fire Qi Orb
5031914,Condensed Water Qi Orb
5031915,Condensed Water Qi Orb
5031916,Condensed Water Qi Orb
5031924,Condensed Lightning Qi Orb
5031925,Condensed Lightning Qi Orb
5031926,Condensed Lightning Qi Orb
5031934,Condensed Wind Qi Orb
5031935,Condensed Wind Qi Orb
5031936,Condensed Wind Qi Orb
5031944,Condensed Earth Qi Orb
5031945,Condensed Earth Qi Orb
5031946,Condensed Earth Qi Orb
5031954,Condensed Wood Qi Orb
5031955,Condensed Wood Qi Orb
5031956,Condensed Wood Qi Orb
5031985,Chaos Aura
5041015,Evergreen's Soul Orb
5041025,Xingtian's Soul Orb
5061016,Divine Stone
5061026,Dark Jade
5061036,Golden Agarwood
5061046,Ethereal Fruit
5061056,Heavenly Amethyst
5071015,Fire Qi Shard
5071025,Water Qi Shard
5071035,Lightning Qi Shard
5071045,Wind Qi Shard
5071055,Earth Qi Shard
5071065,Wood Qi Shard
5071075,Fire Qi Orb Shard
5071085,Water Qi Orb Shard
5071095,Lightning Qi Orb Shard
5071105,Wind Qi Orb Shard
5071115,Earth Qi Orb Shard
5071125,Wood Qi Orb Shard
5071135,Condensed Fire Qi Shard
5071145,Condensed Water Qi Shard
5071155,Condensed Lightning Qi Shard
5071165,Condensed Wind Qi Shard
5071175,Condensed Earth Qi Shard
5071185,Condensed Wood Qi Shard
5071195,Condensed Fire Qi Orb Shard
5071205,Condensed Water Qi Orb Shard
5071215,Condensed Lightning Qi Orb Shard
5071225,Condensed Wind Qi Orb Shard
5071235,Condensed Earth Qi Orb Shard
5071245,Condensed Wood Qi Orb Shard
5071255,Heaven Aura Shard
5071265,Earth Aura Shard
5081935,Earth Essence
5081945,Water Essence
5081955,Wood Essence
5081965,Wind Essence
5081975,Fire Essence
5081985,Lightning Essence
//Others,name_//Others
10001,Spirit Stone
10011,Sect Contribution
10021,Life Aura
10022,Death Aura
10031,Righteous Aura
10032,Demonic Aura
10041,Mayor's Decree
5051016,Soul Lure
5051017,Ultima Sand
5051018,Nether Breath
7000154,Love Knot
6361016,Shatang Fruit
6361026,Luo Water
6381001,Jagu's Memories
6381002,Bi Fang's Memories
6381003,Tushan Jun's Memories
6331001,{#areaName2} Psychic Charm
6331002,{#areaName4} Psychic Charm
6331003,{#areaName6} Psychic Charm
6331004,{#areaName8} Psychic Charm
6331005,{#areaName10} Psychic Charm
6331011,{#areaName3} Lure Charm
6331012,{#areaName5} Lure Charm
6331013,{#areaName7} Lure Charm
6331014,{#areaName9} Lure Charm
6331015,{#areaName10} Lure Charm
6331021,{#areaName3} Repellent Charm
6331022,{#areaName5} Repellent Charm
6331023,{#areaName7} Repellent Charm
6331024,{#areaName9} Repellent Charm
6331025,{#areaName10} Repellent Charm
6331031,{#areaName2} Teleportation Charm
6331032,{#areaName4} Teleportation Charm
6331033,{#areaName6} Teleportation Charm
6331034,{#areaName8} Teleportation Charm
6331035,{#areaName10} Teleportation Charm
6331041,{#areaName2} Cloaking Rune
6331042,{#areaName4} Cloaking Rune
6331043,{#areaName6} Cloaking Rune
6331044,{#areaName8} Cloaking Rune
6331045,{#areaName10} Cloaking Rune
6440014,G5 Agarwood Chest
6440015,G5 Fine Gold Chest
6440016,G5 Dark Crystal Chest
6440034,G4 Agarwood Chest
6440035,G4 Fine Gold Chest
6440036,G4 Dark Crystal Chest
6440054,G3 Agarwood Chest
6440055,G3 Fine Gold Chest
6440056,G3 Dark Crystal Chest
6440074,G2 Agarwood Chest
6440075,G2 Fine Gold Chest
6440076,G2 Dark Crystal Chest
6440094,G1 Agarwood Chest
6440095,G1 Fine Gold Chest
6440096,G1 Dark Crystal Chest
6061011,Brass Furnace
6061021,Wisdom Furnace
6061031,Aid Furnace
6061041,Golden Horn Furnace
6061051,Alleviation Furnace
6061061,Rehabilitation Furnace
6061071,Bolster Furnace
6061081,Elemental Boost Furnace
6061091,Acuity Furnace
6061101,Fire Augment Furnace
6061111,Water Augment Furnace
6061121,Wind Augment Furnace
6061131,Burning Frost Furnace
6061141,Icy Flame Furnace
6061151,White Lightning Furnace
6061161,Purple Cloud Furnace
6061171,Green Granite Furnace
6061181,Fortified Core Furnace
6061191,Spark Furnace
6061201,Perpetual Furnace
6061211,Energizing Furnace
6061221,Magic Star Furnace
6061231,Void Star Furnace
6061241,Elemental Recharge Furnace
6061251,Flame Dew Furnace
6061261,Lightning Cloud Furnace
6061271,Earth Core Furnace
6061281,Yanluo Furnace
6061291,Sun Crow Furnace
6061301,Kismet Furnace
6061311,Burst Furnace
6061321,Holy Jade Furnace
6061331,Zen Furnace
6061341,Heavenly God Furnace
6061351,Earthly God Furnace
6061361,Primal Furnace
6061371,Elemental Invigoration Furnace
6061381,Heavenly Path Furnace
6061391,Fate Furnace
6061401,Bulwark Furnace
230021,G6 Herb Mix
230022,G5 Herb Mix
230023,G4 Herb Mix
230024,G3 Herb Mix
230025,G2 Herb Mix
230026,G1 Herb Mix
6021011,Family Letter
6031011,Elixir Box
6041011,G6 Spiritual Liquor
6041012,G5 Spiritual Liquor
6041013,G4 Spiritual Liquor
6041014,G3 Spiritual Liquor
6041015,G2 Spiritual Liquor
6041016,G1 Spiritual Liquor
6071014,Sect Recommendation Letter
6081011,Unknown Jade Charm
6081013,灵谷符引
6091013,Jagu's Letter
6091023,Deputy's Letter
6091036,Secret History of Celestial Palace 1
6091046,Secret History of Celestial Palace 2
6091056,Secret History of Celestial Palace 3
6091066,Secret History of Celestial Palace 4
6091076,Secret History of Celestial Palace 5
6101011,Pearl Hairpin
6111016,Teleportation Charm
6111026,Tracking Charm
6121016,Mulberry Branch
6121026,Divine Water
6131016,Golden Feather
6241016,{0}'s Interspatial Ring
6241026,{0}'s Belonging
6281016,{0}'s Chicken
6281026,{0}'s White Pig
6281036,{0}'s Spotted Pig
6281046,{0}'s Black Pig
6301015,East Yun Mo Map
6301025,West Yun Mo Map
6301035,South Yun Mo Map
6301045,North Yun Mo Map
6301046,Central Yun Mo Map
6301055,East Everfrost Map
6301065,West Everfrost Map
6301075,South Everfrost Map
6301085,North Everfrost Map
6301086,Central Everfrost Map
6311016,{0}'s Arcane Manual
6321016,Yellowed Map
6321026,Yellowed Map
6321036,Yellowed Map
6321046,Yellowed Map
6321056,Yellowed Map
7000001,Soul Lamp
7000002,Artifact Map
7000003,Soul Lamp Story
7000004,Superior Sect Manual
7000015,Soul Summoning Banner
7000016,Soulbound Lamp
7000017,Rabbit Spirit's Carrot
7000018,Rabbit Spirit's Carrot
7000019,Rabbit Spirit's Carrot
7000020,Broken Ghost Summoning Banner
7000021,Ghost Summoning Banner
7000022,Heavenly Sword Stone
7000023,Dreamode Mirror
7000030,Cube Jade
7000032,Moon Branch
7000033,Test Item 1
7000034,Test Item 2
7000035,Test Item 3
7000036,Test Item 4
7000037,Test Item 5
7000038,Mirage Island Story
7000039,Spirit Sealing Curse
7000040,Replica of Fuxi's Rope
7000041,Ape Blood
7000042,Fine Rice Wine
7000045,River of No Return Story
7000046,Haze Pillet
7000047,Ghost Orb
7000048,Lamp of the Fallen
7000049,Human Face Fruit
7000050,Shadow Beast
7000051,Shadow Beast
7000052,Shadow Beast
7000053,Shadow Beast
7000054,Shadow Beast
6091081,Sage Tianbao's Note
6351016,Ghost Valley Secret Manual
6391016,Xi's Letter
6391026,Xi's Note
7000056,Loner's Poetry
7000057,Loner's Poetry - Guilt
7000058,Loner's Poetry - No Regrets
7000059,Spirit sword
7000060,Ask Thy Heart
7000061,Pursue Not the Truth
7000062,Succumb not to Sadness
7000063,To Mentor · Jun Yuanzhi
7000101,Fluffy White Tail
7000102,Mysterious Orb
7000103,Red Sword Tassel
7000104,Journey Map of Yuanzhi
7000105,Journey Map of Yuanzhi Fragment
7000150,Parcel from a eccentric youth
7000151,Nether Mountains Woodcarving
7000152,Mulberry Branch Fragment
7000153,Feather of Golden Crow
7000155,Relocation Flag
7000201,Elixir Carrot
7000202,Wind Carrot
7000203,Earth Carrot
7000204,Vigor Carrot
7000205,Gangue Carrot
7000206,Glyph Carrot
1081001,Bloodstained Flower
1081002,Glazed Ice Grass
1081003,Soul Formation Leaf
1081004,Nirvana Root
1081005,Shield Talisman
1081006,Spirit Sucking Fiend
1081007,Hillbreaker Rock
1081008,Soulbreak Flying Sword
1081009,Divine Tree
1081010,Crimson Ghost Flower
1081011,Spirit Subduing Knife
1081012,Barrier Breaking Talisman
1081013,Brick
1081014,Reversal Talisman
1081015,Wooden Bench
1081016,Fire Deity Pepper
1081017,Soul Exterminating Talisman
1081018,Dangkang Horn
1081019,Soul Breaking Talisman
1082001,Sect Pass
6131026,Beast Blood
6131036,Bamboo Heart
6371016,Mysterious Iron Shard
6371026,Solar Stone
6371036,Fox Spirit Orb
6371046,Primal Soul
//TrailItem,name_//TrailItem
6141012,Heaven's Yin
6141013,Stone of Duality
6141014,Sky-Mending Stone
6141015,Oracle Bones
6141025,Stone Drum
6151012,Chilling Jade
6151013,Bear Jade
6151014,Fengyu Jade
6151015,Leishou Jade
6151016,Mysterious Figurine
6151026,Cloud Dragon
6151036,Jade Dragon
6161012,Flying Fish
6161013,Yiwang Guqin
6161014,White Deer
6161015,Heavenly Snow
6161025,Paradise
6161035,Music of the Ancients
6171012,Ferro Flute
6171013,Alioth Flute
6171014,Psychic Flute
6171015,Cold Moon
6171025,Southern Wilderness
6181012,Dayblaze
6181013,Green Radiance
6181014,Vast Land
6181015,Azure Cloud
6181025,Fair Princess
6191012,Tranquility
6191013,Red Sight
6191014,Daphne
6191024,Nightshade
6201012,Dragon Head Idol
6201022,Sun Bird Idol
6201023,Flying Serpent Idol
6201033,Xingtian Idol
6201034,Ship of the Desert
6201044,Mulberry Statue
6201045,Dragon Vessel
6201055,Silver Could Zun
6201056,Vermilion Cup
6201066,Patterned Dagger
6201076,Spiritual Vessel
6211012,Ceramic Zun
6211013,Gray Fox Pottery
6211014,Fish Pattern Vase
6211015,Ceremonial Vessel
6211025,Painted Pottery Basin
6211035,Eagle-shaped Pottery Ding
6221012,Bagua Diagram
6221022,Xingtian Dance
6221023,Shaman
6221033,Shenmu Kingdom
6221034,Silkworm Goddess
6221044,Mei Portrait
6221045,Hunting Scene
6221055,Yan Emperor Portrait
6221065,Phoenix Portrait
6221066,Mountain Maiden Portrait
6221076,Cangjie and the Mystic Turtle
6221086,Rainmaking Ritual
6231012,Bone Whistle
6231013,Nafu's Horn
6231014,Divination Shell
6231024,Beast Tooth Necklace
6231034,Kui Bone Mallet
7011012,Heaven's Yin
7011013,Stone of Duality
7011014,Sky-Mending Stone
7011015,Oracle Bones
7011025,Stone Drum
7021012,Chilling Jade
7021013,Bear Jade
7021014,Fengyu Jade
7021015,Leishou Jade
7021016,Mysterious Figurine
7021026,Cloud Dragon
7021036,Jade Dragon
7031012,Flying Fish
7031013,Yiwang Guqin
7031014,White Deer
7031015,Heavenly Snow
7031016,Paradise
7031026,Music of the Ancients
7041012,Ferro Flute
7041013,Alioth Flute
7041014,Psychic Flute
7041015,Cold Moon
7041016,Southern Wilderness
7051012,Dayblaze
7051013,Green Radiance
7051014,Vast Land
7051015,Azure Cloud
7051016,Fair Princess
7061012,Tranquility
7061013,Red Sight
7061014,Daphne
7061015,Nightshade
7071012,Dragon Head Idol
7071022,Sun Bird Idol
7071023,Flying Serpent Idol
7071033,Xingtian Idol
7071034,Ship of the Desert
7071044,Mulberry Statue
7071045,Dragon Vessel
7071055,Silver Could Zun
7071056,Vermilion Cup
7071066,Patterned Dagger
7071076,Spiritual Vessel
7081012,Ceramic Zun
7081013,Gray Fox Pottery
7081014,Fish Pattern Vase
7081015,Ceremonial Vessel
7081016,Painted Pottery Basin
7081026,Eagle-shaped Pottery Ding
7091012,Bagua Diagram
7091022,Xingtian Dance
7091023,Shaman
7091033,Shenmu Kingdom
7091034,Silkworm Goddess
7091044,Mei Portrait
7091045,Hunting Scene
7091055,Yan Emperor Portrait
7091065,Phoenix Portrait
7091066,Mountain Maiden Portrait
7091076,Cangjie and the Mystic Turtle
7091086,Rainmaking Ritual
7101012,Bone Whistle
7101013,Nafu's Horn
7101014,Divination Shell
7101015,Beast Tooth Necklace
7101016,Kui Bone Mallet