1,1,Righteous
1,2,Yu
1,3,Lu
1,4,Lian
1,5,Sheng
1,6,Zhan
1,7,Ji
1,8,Ning
1,9,Illusion
1,10,Meng
1,11,Dang
1,12,Chan
1,13,Cang
1,14,An
1,15,Jing
1,16,Wang
1,17,Ba
1,18,Cang
1,19,Ming
1,20,Kuang
1,21,Zhen
1,22,Xuan
1,23,Shen
1,24,Hong
1,25,d
1,26,Tai
1,27,Wan
1,28,Ling
1,29,Dan
1,30,Bai
1,31,Jin
1,32,Mo
1,33,Jin
1,34,Bi
1,35,Qing
1,36,Zi
1,37,Zhi
1,38,Ding
1,39,Ling
1,40,Shen
1,41,Xuan
1,42,Lan
1,43,Miao
1,44,Temple
1,51,Qian
1,52,Kan
1,53,Gen
1,54,Zhen
1,55,Xun
1,56,Li
1,57,Kun
1,58,Dui
1,59,Yu
2,1,Hun
2,2,Po
2,3,Yang
2,4,d
2,5,Qiong
2,6,Yao
2,7,Xuan
2,8,Qing
2,9,You
2,10,Ji
2,11,Xing
2,12,Xue
2,13, Month
2,14,Shuang
2,15,Long
2,16,Ling
2,17,Yang
2,18,Yu
2,19,Chen
2,20,Yue
2,21,Tao
2,22,Jun
2,23,Yuan
2,24,Xiao
2,25,Cang
2,26,Yan
2,27,Xu
2,28,Ji
2,29,Hong
2,30,Yang
2,31,Yun
2,32,Xia
2,33,Lan
2,34,Xiao
2,35,Luan
2,36,Feng
2,37,Wei
2,38,Jue
2,39,Shang
2,40,Xiu
2,41,Yun
2,42, Month
2,43,Lian
2,44,Xing
2,51,Xiu
2,52,Sheng
2,53,Shang
2,54,Du
2,55,Jing
2,56,Si
2,57,Jing
2,58,Kai
2,59,Long
3,1, Sect
3,2, Sect
3,3, Sect
3,4, Sect
3,5, Sect
3,6, Sect
3,7, Sect
3,8, Sect
3,9, Sect
3,10, Sect
3,11,Mountain Hamlet